"Question","Category"
"What are the qualifications of the creators of the animated series 'John Dillermand' in producing content for children?","Author Reputation"
"What is Anne Lise Marstrand-Jørgensen's expertise on children's media and its impact on young audiences?","Author Reputation"
"Does the Danish public service broadcaster DR have a history of creating provocative and educational children's content?","Publication Reputation"
"What evidence supports the claim that the show John Dillermand promotes responsibility and accountability in children?","Cross Referencing"
"What is the broader context of Danish children's television and its approach to sensitive topics?","Cross Referencing"
"What are Anne Lise Marstrand-Jørgensen's credentials in children's media and gender studies?","Author Reputation"
"How have DR's children's shows Onkel Reje and Ultra Smider Tøjet been received by child psychologists and media experts?","Cross Referencing"
"What are Denmark's guidelines for children's TV content, and how does John Dillermand align with them?","Cross Referencing"
"What evidence supports or refutes the claim that 'John Dillermand' teaches children about accountability and responsibility?","Cross Referencing"
"How have experts in child psychology and education reacted to the show 'John Dillermand' and its themes?","Cross Referencing"
"How has the Danish public reacted to 'John Dillermand,' according to reliable news sources and public opinion polls?","Cross Referencing"
"What is the historical context of DR's programming decisions, and how have they previously responded to controversy?","Publication Reputation"
"How does 'John Dillermand' compare to similar children's programming in terms of addressing sensitive topics?","Cross Referencing"
"What guidelines and regulations exist in Denmark for children's programming, and does 'John Dillermand' comply with them?","Cross Referencing"
"Is there evidence of individuals with differing viewpoints about the show, John Dillermand, being consulted in this article?","Author Bias"
"What is the historical accuracy and reputation of CBS News in reporting on environmental and nuclear issues?","Publication Reputation"
"What is the credibility of CBS News as a source for international news coverage?","Publication Reputation"
"What are the environmental impacts of previous nuclear industry contamination in the Pacific Ocean?","Cross Referencing"
"What are the qualifications of Lucy Craft, the author of the article?","Author Reputation"
"How reliable is the International Atomic Energy Agency (IAEA) in assessing the safety of radioactive water discharge?","Cross Referencing"